İlçe,Nüfus
Adana(Aladağ)-1757,15897
Adana(Ceyhan)-1219,158922
Adana(Çukurova)-2033,389175
Adana(Feke)-1329,15833
Adana(İmamoğlu)-1806,27037
Adana(Karaisalı)-1437,22042
Adana(Karataş)-1443,23499
Adana(Kozan)-1486,132703
Adana(Pozantı)-1580,19852
Adana(Saimbeyli)-1588,13621
Adana(Sarıçam)-2032,221733
Adana(Seyhan)-1104,795012
Adana(Tufanbeyli)-1687,16400
Adana(Yumurtalık)-1734,17654
Adana(Yüreğir)-1748,404726
Adıyaman(Besni)-1182,77180
Adıyaman(Çelikhan)-1246,14858
Adıyaman(Gerger)-1347,15711
Adıyaman(Gölbaşı)-1354,50324
Adıyaman(Kahta)-1425,128961
Adıyaman(Merkez)-1105,316140
Adıyaman(Samsat)-1592,6673
Adıyaman(Sincik)-1985,15947
Adıyaman(Tut)-1989,9375
Afyonkarahisar(Başmakçı)-1771,9353
Afyonkarahisar(Bayat)-1773,7679
Afyonkarahisar(Bolvadin)-1200,45960
Afyonkarahisar(Çay)-1239,30351
Afyonkarahisar(Çobanlar)-1906,14034
Afyonkarahisar(Dazkırı)-1267,11432
Afyonkarahisar(Dinar)-1281,47385
Afyonkarahisar(Emirdağ)-1306,43305
Afyonkarahisar(Evciler)-1923,7095
Afyonkarahisar(Hocalar)-1944,8743
Afyonkarahisar(İhsaniye)-1404,27038
Afyonkarahisar(İscehisar)-1809,24889
Afyonkarahisar(Kızılören)-1961,2096
Afyonkarahisar(Merkez)-1108,324996
Afyonkarahisar(Sandıklı)-1594,55198
Afyonkarahisar(Sinanpaşa)-1626,37991
Afyonkarahisar(Şuhut)-1664,35973
Afyonkarahisar(Sultandağı)-1639,14037
Ağrı(Diyadin)-1283,38369
Ağrı(Doğubayazıt)-1287,116493
Ağrı(Eleşkirt)-1301,30288
Ağrı(Hamur)-1379,16152
Ağrı(Merkez)-1111,148765
Ağrı(Patnos)-1568,114081
Ağrı(Taşlıçay)-1667,18614
Ağrı(Tutak)-1691,27864
Aksaray(Ağaçören)-1860,7577
Aksaray(Eskil)-1921,27188
Aksaray(Gülağaç)-1932,19158
Aksaray(Güzelyurt)-1861,10467
Aksaray(Merkez)-1120,319865
Aksaray(Ortaköy)-1557,31818
Aksaray(Sarıyahşi)-1866,5097
Aksaray(Sultanhanı)-2106,11885
Amasya(Göynücek)-1363,9906
Amasya(Gümüşhacıköy)-1368,22746
Amasya(Hamamözü)-1938,3495
Amasya(Merkez)-1134,149592
Amasya(Merzifon)-1524,75346
Amasya(Suluova)-1641,47038
Amasya(Taşova)-1668,30144
Ankara(Akyurt)-1872,40625
Ankara(Altındağ)-1130,413994
Ankara(Ayaş)-1157,12998
Ankara(Bala)-1167,20521
Ankara(Beypazarı)-1187,48357
Ankara(Çamlıdere)-1227,8100
Ankara(Çankaya)-1231,942553
Ankara(Çubuk)-1260,95449
Ankara(Elmadağ)-1302,44379
Ankara(Etimesgut)-1922,614891
Ankara(Evren)-1924,2952
Ankara(Gölbaşı)-1744,150047
Ankara(Güdül)-1365,8079
Ankara(Haymana)-1387,26016
Ankara(Kahramankazan)-1815,59123
Ankara(Kalecik)-1427,12794
Ankara(Keçiören)-1745,939279
Ankara(Kızılcahamam)-1473,26872
Ankara(Mamak)-1746,687535
Ankara(Nallıhan)-1539,26553
Ankara(Polatlı)-1578,128378
Ankara(Pursaklar)-2034,162389
Ankara(Şereflikoçhisar)-1658,33140
Ankara(Sincan)-1747,572609
Ankara(Yenimahalle)-1723,704652
Antalya(Akseki)-1121,10477
Antalya(Aksu)-2035,77623
Antalya(Alanya)-1126,364180
Antalya(Demre)-1811,27691
Antalya(Döşemealtı)-2036,79495
Antalya(Elmalı)-1303,40774
Antalya(Finike)-1333,49720
Antalya(Gazipaşa)-1337,53702
Antalya(Gündoğmuş)-1370,7188
Antalya(İbradı)-1946,2875
Antalya(Kaş)-1451,62866
Antalya(Kemer)-1959,49383
Antalya(Kepez)-2037,608675
Antalya(Konyaaltı)-2038,204795
Antalya(Korkuteli)-1483,56285
Antalya(Kumluca)-1492,73496
Antalya(Manavgat)-1512,252941
Antalya(Muratpaşa)-2039,526293
Antalya(Serik)-1616,139545
Ardahan(Çıldır)-1252,8693
Ardahan(Damal)-2008,4866
Ardahan(Göle)-1356,22900
Ardahan(Hanak)-1380,8054
Ardahan(Merkez)-1144,41672
Ardahan(Posof)-1579,6296
Artvin(Ardanuç)-1145,11074
Artvin(Arhavi)-1147,21520
Artvin(Borçka)-1202,21748
Artvin(Hopa)-1395,28231
Artvin(Kemalpaşa)-2105,8954
Artvin(Merkez)-1152,36133
Artvin(Murgul)-1828,6325
Artvin(Şavşat)-1653,16564
Artvin(Yusufeli)-1736,18854
Aydın(Bozdoğan)-1206,32607
Aydın(Buharkent)-1781,13022
Aydın(Çine)-1256,48466
Aydın(Didim)-2000,97000
Aydın(Efeler)-2076,303772
Aydın(Germencik)-1348,44172
Aydın(İncirliova)-1807,55848
Aydın(Karacasu)-1435,17620
Aydın(Karpuzlu)-1957,10590
Aydın(Koçarlı)-1479,21832
Aydın(Köşk)-1968,28235
Aydın(Kuşadası)-1497,130835
Aydın(Kuyucak)-1498,26111
Aydın(Nazilli)-1542,162737
Aydın(Söke)-1637,123301
Aydın(Sultanhisar)-1640,20230
Aydın(Yenipazar)-1724,11863
Balıkesir(Altıeylül)-2077,183736
Balıkesir(Ayvalık)-1161,74030
Balıkesir(Balya)-1169,12451
Balıkesir(Bandırma)-1171,164965
Balıkesir(Bigadiç)-1191,48917
Balıkesir(Burhaniye)-1216,64283
Balıkesir(Dursunbey)-1291,33333
Balıkesir(Edremit)-1294,167901
Balıkesir(Erdek)-1310,31902
Balıkesir(Gömeç)-1928,16880
Balıkesir(Gönen)-1360,74871
Balıkesir(Havran)-1384,28058
Balıkesir(İvrindi)-1418,31512
Balıkesir(Karesi)-2078,187362
Balıkesir(Kepsut)-1462,21825
Balıkesir(Manyas)-1514,18066
Balıkesir(Marmara)-1824,10601
Balıkesir(Savaştepe)-1608,16765
Balıkesir(Sındırgı)-1619,32408
Balıkesir(Susurluk)-1644,37724
Bartın(Amasra)-1761,13852
Bartın(Kurucaşile)-1496,6337
Bartın(Merkez)-1172,161830
Bartın(Ulus)-1701,21332
Batman(Beşiri)-1184,31465
Batman(Gercüş)-1345,19106
Batman(Hasankeyf)-1941,7319
Batman(Kozluk)-1487,60128
Batman(Merkez)-1174,487000
Batman(Sason)-1607,29473
Bayburt(Aydıntepe)-1767,6119
Bayburt(Demirözü)-1788,7900
Bayburt(Merkez)-1176,70222
Bilecik(Bozüyük)-1210,79538
Bilecik(Gölpazarı)-1359,9444
Bilecik(İnhisar)-1948,2099
Bilecik(Merkez)-1192,84243
Bilecik(Osmaneli)-1559,21874
Bilecik(Pazaryeri)-1571,9982
Bilecik(Söğüt)-1636,18693
Bilecik(Yenipazar)-1857,2800
Bingöl(Adaklı)-1750,8041
Bingöl(Genç)-1344,32757
Bingöl(Karlıova)-1446,27083
Bingöl(Kiğı)-1475,4684
Bingöl(Merkez)-1193,171752
Bingöl(Solhan)-1633,33491
Bingöl(Yayladere)-1855,1953
Bingöl(Yedisu)-1996,2795
Bitlis(Adilcevaz)-1106,29541
Bitlis(Ahlat)-1112,42810
Bitlis(Güroymak)-1798,48576
Bitlis(Hizan)-1394,31833
Bitlis(Merkez)-1196,72120
Bitlis(Mutki)-1537,29910
Bitlis(Tatvan)-1669,99198
Bolu(Dörtdivan)-1916,6418
Bolu(Gerede)-1346,34257
Bolu(Göynük)-1364,14434
Bolu(Kıbrıscık)-1466,2932
Bolu(Mengen)-1522,13578
Bolu(Merkez)-1199,219476
Bolu(Mudurnu)-1531,18456
Bolu(Seben)-1610,4648
Bolu(Yeniçağa)-1997,6625
Burdur(Ağlasun)-1109,7408
Burdur(Altınyayla)-1874,5197
Burdur(Bucak)-1211,66894
Burdur(Çavdır)-1899,12530
Burdur(Çeltikçi)-1903,4898
Burdur(Gölhisar)-1357,23626
Burdur(Karamanlı)-1813,8150
Burdur(Kemer)-1816,2903
Burdur(Merkez)-1215,117097
Burdur(Tefenni)-1672,10593
Burdur(Yeşilova)-1728,14503
Bursa(Büyükorhan)-1783,8940
Bursa(Gemlik)-1343,120245
Bursa(Gürsu)-1935,102601
Bursa(Harmancık)-1799,5979
Bursa(İnegöl)-1411,294485
Bursa(İznik)-1420,44236
Bursa(Karacabey)-1434,84907
Bursa(Keles)-1457,10955
Bursa(Kestel)-1960,74109
Bursa(Mudanya)-1530,108011
Bursa(Mustafakemalpaşa)-1535,102284
Bursa(Nilüfer)-1829,536365
Bursa(Orhaneli)-1553,18543
Bursa(Orhangazi)-1554,81110
Bursa(Osmangazi)-1832,891250
Bursa(Yenişehir)-1725,54844
Bursa(Yıldırım)-1859,655856
Çanakkale(Ayvacık)-1160,34549
Çanakkale(Bayramiç)-1180,28952
Çanakkale(Biga)-1190,92180
Çanakkale(Bozcaada)-1205,3120
Çanakkale(Çan)-1229,47954
Çanakkale(Eceabat)-1293,8684
Çanakkale(Ezine)-1326,31848
Çanakkale(Gelibolu)-1340,43984
Çanakkale(Gökçeada)-1408,10348
Çanakkale(Lapseki)-1503,29336
Çanakkale(Merkez)-1230,197841
Çanakkale(Yenice)-1722,30587
Çankırı(Atkaracalar)-1765,4560
Çankırı(Bayramören)-1885,2459
Çankırı(Çerkeş)-1248,16526
Çankırı(Eldivan)-1300,6163
Çankırı(Ilgaz)-1399,13821
Çankırı(Kızılırmak)-1817,6986
Çankırı(Korgun)-1963,4276
Çankırı(Kurşunlu)-1494,8484
Çankırı(Merkez)-1232,100596
Çankırı(Orta)-1555,12614
Çankırı(Şabanözü)-1649,11745
Çankırı(Yapraklı)-1718,7536
Çorum(Alaca)-1124,29929
Çorum(Bayat)-1177,14615
Çorum(Boğazkale)-1778,3584
Çorum(Dodurga)-1911,5265
Çorum(İskilip)-1414,29643
Çorum(Kargı)-1445,15464
Çorum(Laçin)-1972,4211
Çorum(Mecitözü)-1520,13840
Çorum(Merkez)-1259,299061
Çorum(Oğuzlar)-1976,4896
Çorum(Ortaköy)-1556,6264
Çorum(Osmancık)-1558,43297
Çorum(Sungurlu)-1642,48296
Çorum(Uğurludağ)-1850,5765
Denizli(Acıpayam)-1102,54888
Denizli(Babadağ)-1769,6340
Denizli(Baklan)-1881,5296
Denizli(Bekilli)-1774,6424
Denizli(Beyağaç)-1888,6197
Denizli(Bozkurt)-1889,12331
Denizli(Buldan)-1214,26630
Denizli(Çal)-1224,17889
Denizli(Çameli)-1226,17549
Denizli(Çardak)-1233,8452
Denizli(Çivril)-1257,59967
Denizli(Güney)-1371,9448
Denizli(Honaz)-1803,34074
Denizli(Kale)-1426,19202
Denizli(Merkezefendi)-2079,336818
Denizli(Pamukkale)-1871,347926
Denizli(Sarayköy)-1597,30834
Denizli(Serinhisar)-1840,14355
Denizli(Tavas)-1670,41712
Diyarbakır(Bağlar)-2040,406471
Diyarbakır(Bismil)-1195,118698
Diyarbakır(Çermik)-1249,49644
Diyarbakır(Çınar)-1253,76966
Diyarbakır(Çüngüş)-1263,10720
Diyarbakır(Dicle)-1278,36114
Diyarbakır(Eğil)-1791,21434
Diyarbakır(Ergani)-1315,136099
Diyarbakır(Hani)-1381,32519
Diyarbakır(Hazro)-1389,16093
Diyarbakır(Kayapınar)-2041,419513
Diyarbakır(Kocaköy)-1962,15355
Diyarbakır(Kulp)-1490,34357
Diyarbakır(Lice)-1504,24364
Diyarbakır(Silvan)-1624,86161
Diyarbakır(Sur)-2042,100613
Diyarbakır(Yenişehir)-2043,219759
Düzce(Akçakoca)-1116,40025
Düzce(Çilimli)-1905,19648
Düzce(Cumayeri)-1784,15214
Düzce(Gölyaka)-1794,20552
Düzce(Gümüşova)-2017,16844
Düzce(Kaynaşlı)-2031,20449
Düzce(Merkez)-1292,258484
Düzce(Yığılca)-1730,13915
Edirne(Enez)-1307,10488
Edirne(Havsa)-1385,17969
Edirne(İpsala)-1412,26148
Edirne(Keşan)-1464,83874
Edirne(Lalapaşa)-1502,6225
Edirne(Meriç)-1523,12841
Edirne(Merkez)-1295,191470
Edirne(Süloğlu)-1988,6348
Edirne(Uzunköprü)-1705,59351
Elazığ(Ağın)-1110,2610
Elazığ(Alacakaya)-1873,5831
Elazığ(Arıcak)-1762,13426
Elazığ(Baskil)-1173,11605
Elazığ(Karakoçan)-1438,28401
Elazığ(Keban)-1455,5906
Elazığ(Kovancılar)-1820,38913
Elazığ(Maden)-1506,8929
Elazığ(Merkez)-1298,451029
Elazığ(Palu)-1566,17655
Elazığ(Sivrice)-1631,7192
Erzincan(Çayırlı)-1243,8112
Erzincan(İliç)-1406,8905
Erzincan(Kemah)-1459,7363
Erzincan(Kemaliye)-1460,5170
Erzincan(Merkez)-1318,166181
Erzincan(Otlukbeli)-1977,2492
Erzincan(Refahiye)-1583,11269
Erzincan(Tercan)-1675,15653
Erzincan(Üzümlü)-1853,14078
Erzurum(Aşkale)-1153,21494
Erzurum(Aziziye)-1945,65553
Erzurum(Çat)-1235,15556
Erzurum(Hınıs)-1392,24680
Erzurum(Horasan)-1396,36519
Erzurum(İspir)-1416,14607
Erzurum(Karaçoban)-1812,22250
Erzurum(Karayazı)-1444,25543
Erzurum(Köprüköy)-1967,14204
Erzurum(Narman)-1540,12292
Erzurum(Oltu)-1550,30075
Erzurum(Olur)-1551,6262
Erzurum(Palandöken)-2044,177374
Erzurum(Pasinler)-1567,27055
Erzurum(Pazaryolu)-1865,3803
Erzurum(Şenkaya)-1657,16035
Erzurum(Tekman)-1674,23195
Erzurum(Tortum)-1683,15259
Erzurum(Uzundere)-1851,7625
Erzurum(Yakutiye)-2045,190373
Eskişehir(Alpu)-1759,9966
Eskişehir(Beylikova)-1777,5781
Eskişehir(Çifteler)-1255,14906
Eskişehir(Günyüzü)-1934,5155
Eskişehir(Han)-1939,2052
Eskişehir(İnönü)-1808,6173
Eskişehir(Mahmudiye)-1508,7575
Eskişehir(Mihalgazi)-1973,2987
Eskişehir(Mihalıççık)-1527,7659
Eskişehir(Odunpazarı)-2046,422423
Eskişehir(Sarıcakaya)-1599,4621
Eskişehir(Seyitgazi)-1618,12587
Eskişehir(Sivrihisar)-1632,20087
Eskişehir(Tepebaşı)-2047,384645
Gaziantep(Araban)-1139,32933
Gaziantep(İslahiye)-1415,67650
Gaziantep(Karkamış)-1956,9379
Gaziantep(Nizip)-1546,148386
Gaziantep(Nurdağı)-1974,41322
Gaziantep(Oğuzeli)-1549,33397
Gaziantep(Şahinbey)-1841,941055
Gaziantep(Şehitkamil)-1844,857167
Gaziantep(Yavuzeli)-1720,22762
Giresun(Alucra)-1133,8574
Giresun(Bulancak)-1212,69415
Giresun(Çamoluk)-1893,6469
Giresun(Çanakçı)-1894,5981
Giresun(Dereli)-1272,18696
Giresun(Doğankent)-1912,6715
Giresun(Espiye)-1320,37775
Giresun(Eynesil)-1324,12471
Giresun(Görele)-1361,30973
Giresun(Güce)-1930,7806
Giresun(Keşap)-1465,19596
Giresun(Merkez)-1352,145361
Giresun(Piraziz)-1837,13825
Giresun(Şebinkarahisar)-1654,19625
Giresun(Tirebolu)-1678,32576
Giresun(Yağlıdere)-1854,15004
Gümüşhane(Kelkit)-1458,41233
Gümüşhane(Köse)-1822,6830
Gümüşhane(Kürtün)-1971,11913
Gümüşhane(Merkez)-1369,54462
Gümüşhane(Şiran)-1660,19346
Gümüşhane(Torul)-1684,10760
Hakkari(Çukurca)-1261,14333
Hakkari(Derecik)-2107,23461
Hakkari(Merkez)-1377,77329
Hakkari(Şemdinli)-1656,42471
Hakkari(Yüksekova)-1737,117739
Hatay(Altınözü)-1131,60344
Hatay(Antakya)-2080,399045
Hatay(Arsuz)-2081,101233
Hatay(Belen)-1887,34449
Hatay(Defne)-2082,165494
Hatay(Dörtyol)-1289,128941
Hatay(Erzin)-1792,41558
Hatay(Hassa)-1382,56675
Hatay(İskenderun)-1413,251682
Hatay(Kırıkhan)-1468,121028
Hatay(Kumlu)-1970,13333
Hatay(Payas)-2083,43919
Hatay(Reyhanlı)-1585,108092
Hatay(Samandağ)-1591,123447
Hatay(Yayladağı)-1721,36803
Iğdır(Aralık)-1142,20133
Iğdır(Karakoyunlu)-2011,13565
Iğdır(Merkez)-1398,147197
Iğdır(Tuzluca)-1692,22699
Isparta(Aksu)-1755,4131
Isparta(Atabey)-1154,5970
Isparta(Eğirdir)-1297,30854
Isparta(Gelendost)-1341,14678
Isparta(Gönen)-1929,6883
Isparta(Keçiborlu)-1456,13830
Isparta(Merkez)-1401,268595
Isparta(Şarkikaraağaç)-1651,24660
Isparta(Senirkent)-1615,10720
Isparta(Sütçüler)-1648,9869
Isparta(Uluborlu)-1699,6554
Isparta(Yalvaç)-1717,45931
Isparta(Yenişarbademli)-2001,2650
İstanbul(Adalar)-1103,16690
İstanbul(Arnavutköy)-2048,326452
İstanbul(Ataşehir)-2049,423127
İstanbul(Avcılar)-2003,452132
İstanbul(Bağcılar)-2004,740069
İstanbul(Bahçelievler)-2005,594350
İstanbul(Bakırköy)-1166,226685
İstanbul(Başakşehir)-2050,514900
İstanbul(Bayrampaşa)-1886,275314
İstanbul(Beşiktaş)-1183,175190
İstanbul(Beykoz)-1185,247875
İstanbul(Beylikdüzü)-2051,412835
İstanbul(Beyoğlu)-1186,225920
İstanbul(Büyükçekmece)-1782,277181
İstanbul(Çatalca)-1237,77468
İstanbul(Çekmeköy)-2052,296066
İstanbul(Esenler)-2016,445421
İstanbul(Esenyurt)-2053,983571
İstanbul(Eyüpsultan)-1325,422913
İstanbul(Fatih)-1327,368227
İstanbul(Gaziosmanpaşa)-1336,495998
İstanbul(Güngören)-2010,282692
İstanbul(Kadıköy)-1421,483064
İstanbul(Kağıthane)-1810,455943
İstanbul(Kartal)-1449,483418
İstanbul(Küçükçekmece)-1823,808957
İstanbul(Maltepe)-2012,528544
İstanbul(Pendik)-1835,750435
İstanbul(Sancaktepe)-2054,489848
İstanbul(Sarıyer)-1604,350454
İstanbul(Şile)-1659,43464
İstanbul(Silivri)-1622,217163
İstanbul(Şişli)-1663,276528
İstanbul(Sultanbeyli)-2014,358201
İstanbul(Sultangazi)-2055,542531
İstanbul(Tuzla)-2015,288878
İstanbul(Ümraniye)-1852,732379
İstanbul(Üsküdar)-1708,524452
İstanbul(Zeytinburnu)-1739,292616
İzmir(Aliağa)-1128,104828
İzmir(Balçova)-2006,80721
İzmir(Bayındır)-1178,40073
İzmir(Bayraklı)-2056,298519
İzmir(Bergama)-1181,105754
İzmir(Beydağ)-1776,12030
İzmir(Bornova)-1203,454470
İzmir(Buca)-1780,522404
İzmir(Çeşme)-1251,48924
İzmir(Çiğli)-2007,214065
İzmir(Dikili)-1280,47360
İzmir(Foça)-1334,34946
İzmir(Gaziemir)-2009,137754
İzmir(Güzelbahçe)-2018,37753
İzmir(Karabağlar)-2057,479338
İzmir(Karaburun)-1432,12200
İzmir(Karşıyaka)-1448,346264
İzmir(Kemalpaşa)-1461,114250
İzmir(Kınık)-1467,28694
İzmir(Kiraz)-1477,43510
İzmir(Konak)-1819,332277
İzmir(Menderes)-1826,106173
İzmir(Menemen)-1521,200904
İzmir(Narlıdere)-2013,62923
İzmir(Ödemiş)-1563,132740
İzmir(Seferihisar)-1611,54993
İzmir(Selçuk)-1612,38151
İzmir(Tire)-1677,87462
İzmir(Torbalı)-1682,207840
İzmir(Urla)-1703,74736
Kahramanmaraş(Afşin)-1107,80044
Kahramanmaraş(Andırın)-1136,31224
Kahramanmaraş(Çağlayancerit)-1785,22350
Kahramanmaraş(Dulkadiroğlu)-2084,226409
Kahramanmaraş(Ekinözü)-1919,10290
Kahramanmaraş(Elbistan)-1299,141307
Kahramanmaraş(Göksun)-1353,50676
Kahramanmaraş(Nurhak)-1975,12257
Kahramanmaraş(Onikişubat)-2085,453730
Kahramanmaraş(Pazarcık)-1570,70173
Kahramanmaraş(Türkoğlu)-1694,78976
Karabük(Eflani)-1296,8352
Karabük(Eskipazar)-1321,12767
Karabük(Merkez)-1433,137428
Karabük(Ovacık)-1561,3731
Karabük(Safranbolu)-1587,70409
Karabük(Yenice)-1856,19371
Karaman(Ayrancı)-1768,7608
Karaman(Başyayla)-1884,3432
Karaman(Ermenek)-1316,27776
Karaman(Kazımkarabekir)-1862,4531
Karaman(Merkez)-1439,206240
Karaman(Sarıveliler)-1983,11251
Kars(Akyaka)-1756,9977
Kars(Arpaçay)-1149,15075
Kars(Digor)-1279,19872
Kars(Kağızman)-1424,44178
Kars(Merkez)-1447,117235
Kars(Sarıkamış)-1601,37744
Kars(Selim)-1614,21488
Kars(Susuz)-1645,9260
Kastamonu(Abana)-1101,4218
Kastamonu(Ağlı)-1867,2980
Kastamonu(Araç)-1140,18122
Kastamonu(Azdavay)-1162,7233
Kastamonu(Bozkurt)-1208,9064
Kastamonu(Çatalzeytin)-1238,7386
Kastamonu(Cide)-1221,22179
Kastamonu(Daday)-1264,8002
Kastamonu(Devrekani)-1277,12037
Kastamonu(Doğanyurt)-1915,5342
Kastamonu(Hanönü)-1940,4197
Kastamonu(İhsangazi)-1805,5204
Kastamonu(İnebolu)-1410,20571
Kastamonu(Küre)-1499,5303
Kastamonu(Merkez)-1450,155286
Kastamonu(Pınarbaşı)-1836,5787
Kastamonu(Şenpazar)-1845,4268
Kastamonu(Seydiler)-1984,4366
Kastamonu(Taşköprü)-1666,36961
Kastamonu(Tosya)-1685,39609
Kayseri(Akkışla)-1752,5563
Kayseri(Bünyan)-1218,29704
Kayseri(Develi)-1275,66840
Kayseri(Felahiye)-1330,5419
Kayseri(Hacılar)-1936,12465
Kayseri(İncesu)-1409,29120
Kayseri(Kocasinan)-1863,409005
Kayseri(Melikgazi)-1864,594344
Kayseri(Özvatan)-1978,3819
Kayseri(Pınarbaşı)-1576,21240
Kayseri(Sarıoğlan)-1603,13396
Kayseri(Sarız)-1605,9282
Kayseri(Talas)-1846,169214
Kayseri(Tomarza)-1680,21100
Kayseri(Yahyalı)-1715,35481
Kayseri(Yeşilhisar)-1727,15531
Kilis(Elbeyli)-2023,5594
Kilis(Merkez)-1476,125079
Kilis(Musabeyli)-2024,12390
Kilis(Polateli)-2025,4856
Kırıkkale(Bahşılı)-1880,7194
Kırıkkale(Balışeyh)-1882,5857
Kırıkkale(Çelebi)-1901,2304
Kırıkkale(Delice)-1268,9386
Kırıkkale(Karakeçili)-1954,2949
Kırıkkale(Keskin)-1463,15637
Kırıkkale(Merkez)-1469,193954
Kırıkkale(Sulakyurt)-1638,6106
Kırıkkale(Yahşihan)-1992,33659
Kırklareli(Babaeski)-1163,46357
Kırklareli(Demirköy)-1270,8961
Kırklareli(Kofçaz)-1480,2125
Kırklareli(Lüleburgaz)-1505,153903
Kırklareli(Merkez)-1471,108550
Kırklareli(Pehlivanköy)-1572,3380
Kırklareli(Pınarhisar)-1577,17402
Kırklareli(Vize)-1714,28669
Kırşehir(Akçakent)-1869,3519
Kırşehir(Akpınar)-1754,6893
Kırşehir(Boztepe)-1890,5019
Kırşehir(Çiçekdağı)-1254,13529
Kırşehir(Kaman)-1429,34129
Kırşehir(Merkez)-1472,163219
Kırşehir(Mucur)-1529,18211
Kocaeli(Başiskele)-2058,116650
Kocaeli(Çayırova)-2059,150792
Kocaeli(Darıca)-2060,225602
Kocaeli(Derince)-2030,146374
Kocaeli(Dilovası)-2061,53416
Kocaeli(Gebze)-1338,407019
Kocaeli(Gölcük)-1355,175940
Kocaeli(İzmit)-2062,376056
Kocaeli(Kandıra)-1430,52874
Kocaeli(Karamürsel)-1440,59676
Kocaeli(Kartepe)-2063,136625
Kocaeli(Körfez)-1821,178048
Konya(Ahırlı)-1868,4574
Konya(Akören)-1753,5836
Konya(Akşehir)-1122,93965
Konya(Altınekin)-1760,14289
Konya(Beyşehir)-1188,77690
Konya(Bozkır)-1207,25307
Konya(Çeltik)-1902,9429
Konya(Cihanbeyli)-1222,50677
Konya(Çumra)-1262,67690
Konya(Derbent)-1907,4052
Konya(Derebucak)-1789,5690
Konya(Doğanhisar)-1285,14812
Konya(Emirgazi)-1920,7724
Konya(Ereğli)-1312,150978
Konya(Güneysınır)-1933,9266
Konya(Hadim)-1375,10999
Konya(Halkapınar)-1937,3909
Konya(Hüyük)-1804,15144
Konya(Ilgın)-1400,53489
Konya(Kadınhanı)-1422,31206
Konya(Karapınar)-1441,50323
Konya(Karatay)-1814,370927
Konya(Kulu)-1491,51612
Konya(Meram)-1827,348325
Konya(Sarayönü)-1598,27771
Konya(Selçuklu)-1839,690667
Konya(Seydişehir)-1617,65465
Konya(Taşkent)-1848,5768
Konya(Tuzlukçu)-1990,6062
Konya(Yalıhüyük)-1994,1710
Konya(Yunak)-1735,20991
Kütahya(Altıntaş)-1132,15018
Kütahya(Aslanapa)-1764,8164
Kütahya(Çavdarhisar)-1898,5771
Kütahya(Domaniç)-1288,14174
Kütahya(Dumlupınar)-1790,2854
Kütahya(Emet)-1304,18843
Kütahya(Gediz)-1339,50151
Kütahya(Hisarcık)-1802,11115
Kütahya(Merkez)-1500,282243
Kütahya(Pazarlar)-1979,4840
Kütahya(Şaphane)-1843,5695
Kütahya(Simav)-1625,61265
Kütahya(Tavşanlı)-1671,100568
Malatya(Akçadağ)-1114,27872
Malatya(Arapgir)-1143,9964
Malatya(Arguvan)-1148,6869
Malatya(Battalgazi)-1772,307478
Malatya(Darende)-1265,24588
Malatya(Doğanşehir)-1286,37697
Malatya(Doğanyol)-1914,3705
Malatya(Hekimhan)-1390,15706
Malatya(Kale)-1953,5571
Malatya(Kuluncak)-1969,7000
Malatya(Pütürge)-1582,12492
Malatya(Yazıhan)-1995,11984
Malatya(Yeşilyurt)-1729,341654
Manisa(Ahmetli)-1751,16963
Manisa(Akhisar)-1118,177419
Manisa(Alaşehir)-1127,104717
Manisa(Demirci)-1269,36620
Manisa(Gölmarmara)-1793,15193
Manisa(Gördes)-1362,26458
Manisa(Kırkağaç)-1470,37645
Manisa(Köprübaşı)-1965,12730
Manisa(Kula)-1489,43227
Manisa(Salihli)-1590,165113
Manisa(Sarıgöl)-1600,35537
Manisa(Saruhanlı)-1606,56523
Manisa(Şehzadeler)-2086,167227
Manisa(Selendi)-1613,19203
Manisa(Soma)-1634,111789
Manisa(Turgutlu)-1689,175401
Manisa(Yunusemre)-2087,266514
Mardin(Artuklu)-2088,189769
Mardin(Dargeçit)-1787,27147
Mardin(Derik)-1273,62028
Mardin(Kızıltepe)-1474,267151
Mardin(Mazıdağı)-1519,36442
Mardin(Midyat)-1526,120069
Mardin(Nusaybin)-1547,115586
Mardin(Ömerli)-1564,13740
Mardin(Savur)-1609,24821
Mardin(Yeşilli)-2002,13621
Mersin(Akdeniz)-2064,255946
Mersin(Anamur)-1135,66846
Mersin(Aydıncık)-1766,11468
Mersin(Bozyazı)-1779,26812
Mersin(Çamlıyayla)-1892,8164
Mersin(Erdemli)-1311,151928
Mersin(Gülnar)-1366,27889
Mersin(Mezitli)-2065,222436
Mersin(Mut)-1536,62874
Mersin(Silifke)-1621,132665
Mersin(Tarsus)-1665,350732
Mersin(Toroslar)-2066,319711
Mersin(Yenişehir)-2067,278961
Muğla(Bodrum)-1197,192964
Muğla(Dalaman)-1742,47482
Muğla(Datça)-1266,25029
Muğla(Fethiye)-1331,177702
Muğla(Kavaklıdere)-1958,10909
Muğla(Köyceğiz)-1488,39242
Muğla(Marmaris)-1517,97818
Muğla(Menteşe)-2089,120627
Muğla(Milas)-1528,147416
Muğla(Ortaca)-1831,54478
Muğla(Seydikemer)-2090,62622
Muğla(Ula)-1695,26613
Muğla(Yatağan)-1719,45283
Muş(Bulanık)-1213,74591
Muş(Hasköy)-1801,25621
Muş(Korkut)-1964,23106
Muş(Malazgirt)-1510,45371
Muş(Merkez)-1534,200246
Muş(Varto)-1711,30267
Nevşehir(Acıgöl)-1749,19005
Nevşehir(Avanos)-1155,32477
Nevşehir(Derinkuyu)-1274,20676
Nevşehir(Gülşehir)-1367,21396
Nevşehir(Hacıbektaş)-1374,10884
Nevşehir(Kozaklı)-1485,12910
Nevşehir(Merkez)-1543,155968
Nevşehir(Ürgüp)-1707,36695
Niğde(Altunhisar)-1876,11558
Niğde(Bor)-1201,60948
Niğde(Çamardı)-1225,11495
Niğde(Çiftlik)-1904,25642
Niğde(Merkez)-1544,236793
Niğde(Ulukışla)-1700,18983
Ordu(Akkuş)-1119,21258
Ordu(Altınordu)-2103,235096
Ordu(Aybastı)-1158,20969
Ordu(Çamaş)-1891,8211
Ordu(Çatalpınar)-1897,13025
Ordu(Çaybaşı)-1900,11889
Ordu(Fatsa)-1328,126775
Ordu(Gölköy)-1358,25960
Ordu(Gülyalı)-1795,8425
Ordu(Gürgentepe)-1797,12617
Ordu(İkizce)-1947,13276
Ordu(Kabadüz)-1950,7055
Ordu(Kabataş)-1951,10119
Ordu(Korgan)-1482,27349
Ordu(Kumru)-1493,28436
Ordu(Mesudiye)-1525,13221
Ordu(Perşembe)-1573,30101
Ordu(Ulubey)-1696,16976
Ordu(Ünye)-1706,132432
Osmaniye(Bahçe)-1165,22904
Osmaniye(Düziçi)-1743,85448
Osmaniye(Hasanbeyli)-2027,4816
Osmaniye(Kadirli)-1423,127004
Osmaniye(Merkez)-1560,285430
Osmaniye(Sumbas)-2028,13129
Osmaniye(Toprakkale)-2029,20674
Rize(Ardeşen)-1146,42572
Rize(Çamlıhemşin)-1228,6911
Rize(Çayeli)-1241,42865
Rize(Derepazarı)-1908,6847
Rize(Fındıklı)-1332,16448
Rize(Güneysu)-1796,14952
Rize(Hemşin)-1943,2356
Rize(İkizdere)-1405,6176
Rize(İyidere)-1949,8446
Rize(Kalkandere)-1428,12903
Rize(Merkez)-1586,152056
Rize(Pazar)-1569,31484
Sakarya(Adapazarı)-2068,281489
Sakarya(Akyazı)-1123,94494
Sakarya(Arifiye)-2069,49340
Sakarya(Erenler)-2070,92249
Sakarya(Ferizli)-1925,30741
Sakarya(Geyve)-1351,50799
Sakarya(Hendek)-1391,90153
Sakarya(Karapürçek)-1955,13339
Sakarya(Karasu)-1442,70600
Sakarya(Kaynarca)-1453,24483
Sakarya(Kocaali)-1818,22882
Sakarya(Pamukova)-1833,30482
Sakarya(Sapanca)-1595,44712
Sakarya(Serdivan)-2071,162699
Sakarya(Söğütlü)-1986,14724
Sakarya(Taraklı)-1847,6894
Samsun(19 Mayıs)-1830,26989
Samsun(Alaçam)-1125,24647
Samsun(Asarcık)-1763,16001
Samsun(Atakum)-2072,242171
Samsun(Ayvacık)-1879,18928
Samsun(Bafra)-1164,142190
Samsun(Canik)-2073,100641
Samsun(Çarşamba)-1234,140664
Samsun(Havza)-1386,38492
Samsun(İlkadım)-2074,333518
Samsun(Kavak)-1452,22747
Samsun(Ladik)-1501,16072
Samsun(Salıpazarı)-1838,19017
Samsun(Tekkeköy)-1849,56318
Samsun(Terme)-1676,71092
Samsun(Vezirköprü)-1712,90308
Samsun(Yakakent)-1993,8693
Şanlıurfa(Akçakale)-1115,123721
Şanlıurfa(Birecik)-1194,93613
Şanlıurfa(Bozova)-1209,52680
Şanlıurfa(Ceylanpınar)-1220,90440
Şanlıurfa(Eyyübiye)-2091,391795
Şanlıurfa(Halfeti)-1378,41662
Şanlıurfa(Haliliye)-2092,396656
Şanlıurfa(Harran)-1800,96072
Şanlıurfa(Hilvan)-1393,42218
Şanlıurfa(Karaköprü)-2093,265035
Şanlıurfa(Siverek)-1630,267942
Şanlıurfa(Suruç)-1643,100961
Şanlıurfa(Viranşehir)-1713,207315
Siirt(Baykan)-1179,24252
Siirt(Eruh)-1317,17938
Siirt(Kurtalan)-1495,60289
Siirt(Merkez)-1620,174467
Siirt(Pervari)-1575,29440
Siirt(Şirvan)-1662,20877
Siirt(Tillo)-1878,4048
Sinop(Ayancık)-1156,23923
Sinop(Boyabat)-1204,44502
Sinop(Dikmen)-1910,4711
Sinop(Durağan)-1290,16832
Sinop(Erfelek)-1314,12363
Sinop(Gerze)-1349,27967
Sinop(Merkez)-1627,68972
Sinop(Saraydüzü)-1981,5523
Sinop(Türkeli)-1693,16006
Şırnak(Beytüşşebap)-1189,16044
Şırnak(Cizre)-1223,159754
Şırnak(Güçlükonak)-1931,12120
Şırnak(İdil)-1403,76502
Şırnak(Merkez)-1661,102553
Şırnak(Silopi)-1623,144830
Şırnak(Uludere)-1698,45802
Sivas(Akıncılar)-1870,4808
Sivas(Altınyayla)-1875,8738
Sivas(Divriği)-1282,16082
Sivas(Doğanşar)-1913,2704
Sivas(Gemerek)-1342,21276
Sivas(Gölova)-1927,3246
Sivas(Gürün)-1373,18009
Sivas(Hafik)-1376,9569
Sivas(İmranlı)-1407,7002
Sivas(Kangal)-1431,19667
Sivas(Koyulhisar)-1484,12183
Sivas(Merkez)-1628,390318
Sivas(Şarkışla)-1650,37409
Sivas(Suşehri)-1646,25499
Sivas(Ulaş)-1991,7933
Sivas(Yıldızeli)-1731,28972
Sivas(Zara)-1738,21509
Tekirdağ(Çerkezköy)-1250,206829
Tekirdağ(Çorlu)-1258,290155
Tekirdağ(Ergene)-2094,67038
Tekirdağ(Hayrabolu)-1388,30521
Tekirdağ(Kapaklı)-2095,137514
Tekirdağ(Malkara)-1511,50988
Tekirdağ(Marmaraereğlisi)-1825,29549
Tekirdağ(Muratlı)-1538,30067
Tekirdağ(Saray)-1596,50766
Tekirdağ(Şarköy)-1652,33466
Tekirdağ(Süleymanpaşa)-2096,215558
Tokat(Almus)-1129,22126
Tokat(Artova)-1151,7420
Tokat(Başçiftlik)-1883,6097
Tokat(Erbaa)-1308,100382
Tokat(Merkez)-1679,206621
Tokat(Niksar)-1545,62052
Tokat(Pazar)-1834,12843
Tokat(Reşadiye)-1584,32600
Tokat(Sulusaray)-1987,6533
Tokat(Turhal)-1690,78129
Tokat(Yeşilyurt)-1858,8336
Tokat(Zile)-1740,53315
Trabzon(Akçaabat)-1113,129290
Trabzon(Araklı)-1141,48581
Trabzon(Arsin)-1150,30911
Trabzon(Beşikdüzü)-1775,23774
Trabzon(Çarşıbaşı)-1896,15227
Trabzon(Çaykara)-1244,13070
Trabzon(Dernekpazarı)-1909,3761
Trabzon(Düzköy)-1917,13312
Trabzon(Hayrat)-1942,7667
Trabzon(Köprübaşı)-1966,4318
Trabzon(Maçka)-1507,24709
Trabzon(Of)-1548,43591
Trabzon(Ortahisar)-2097,335628
Trabzon(Şalpazarı)-1842,10434
Trabzon(Sürmene)-1647,25950
Trabzon(Tonya)-1681,13457
Trabzon(Vakfıkebir)-1709,27060
Trabzon(Yomra)-1732,47283
Tunceli(Çemişgezek)-1247,7312
Tunceli(Hozat)-1397,5260
Tunceli(Mazgirt)-1518,7193
Tunceli(Merkez)-1688,40794
Tunceli(Nazımiye)-1541,3079
Tunceli(Ovacık)-1562,6407
Tunceli(Pertek)-1574,10823
Tunceli(Pülümür)-1581,3498
Uşak(Banaz)-1170,35181
Uşak(Eşme)-1323,34312
Uşak(Karahallı)-1436,9664
Uşak(Merkez)-1704,264540
Uşak(Sivaslı)-1629,19733
Uşak(Ulubey)-1697,12024
Van(Bahçesaray)-1770,13495
Van(Başkale)-1175,44168
Van(Çaldıran)-1786,58635
Van(Çatak)-1236,18462
Van(Edremit)-1918,127819
Van(Erciş)-1309,171000
Van(Gevaş)-1350,26918
Van(Gürpınar)-1372,31865
Van(İpekyolu)-2098,348046
Van(Muradiye)-1533,45718
Van(Özalp)-1565,59851
Van(Saray)-1980,19471
Van(Tuşba)-2099,163301
Yalova(Altınova)-2019,32207
Yalova(Armutlu)-2020,10843
Yalova(Çiftlikköy)-2022,50974
Yalova(Çınarcık)-2021,38600
Yalova(Merkez)-1716,156732
Yalova(Termal)-2026,6977
Yozgat(Akdağmadeni)-1117,41577
Yozgat(Aydıncık)-1877,11552
Yozgat(Boğazlıyan)-1198,33892
Yozgat(Çandır)-1895,4227
Yozgat(Çayıralan)-1242,12109
Yozgat(Çekerek)-1245,18245
Yozgat(Kadışehri)-1952,10004
Yozgat(Merkez)-1733,109197
Yozgat(Saraykent)-1982,11966
Yozgat(Sarıkaya)-1602,32175
Yozgat(Şefaatli)-1655,14129
Yozgat(Sorgun)-1635,79977
Yozgat(Yenifakılı)-1998,5178
Yozgat(Yerköy)-1726,34214
Zonguldak(Alaplı)-1758,42720
Zonguldak(Çaycuma)-1240,90583
Zonguldak(Devrek)-1276,57069
Zonguldak(Ereğli)-1313,175309
Zonguldak(Gökçebey)-1926,21165
Zonguldak(Kilimli)-2100,33121
Zonguldak(Kozlu)-2101,49767
Zonguldak(Merkez)-1741,118776
